line,text
0,烈日灼心
1,1. 案发别墅 白天黑屏淡入。一声惊堂木。别墅外中年男女横尸在地，鲜血淋漓。起画外音：一人一台戏，盘古开天地。列位，话说七年前，福建的西陇发生了一宗灭门大案。被杀的是一家五口，父母、外公、外婆，还有个女孩。
2,2. 案发荒郊 白天年轻的辛小丰、杨自道、陈比觉，还有另一个同伴仓皇奔跑。（动）
3,3. 案发别墅 白天二层血泊中老年男女倒地。
4,4. 案发荒郊 白天奔跑中，第四人掉下水库。辛小丰、杨自道、陈比觉张望，无心营救，继续逃。（动）
5,5. 案发别墅 白天阁楼。断掉的玉坠旁，一名少女裸尸在地，但全身上下并未受伤。【闪回辛小丰强奸少女。结束】（剧本君注：前五戏，在剪辑上用了静动结合的手法，来突出节奏和紧张感，剧本君在场后面标了“动”字。以后编剧在写剧本的时候也可以考虑动静结合的手法来做一些气氛的起伏。看文字体会不到的，请看剧体验动静结合。）
6,6. 荒野别墅 白天辛小丰躺在地上，回想发生的事。【闪回-阁楼少女出浴，擦拭身体时，可见脖颈挂着玉坠。 结束】辛小丰：我得回去。这话让喘息中的杨自道、陈比觉心惊。辛小丰爬起来，往回走。陈比觉：你要回去……我干你姥，你要回去！我们三个都被你毁了！干你母，我干你母！陈比觉打辛小丰，辛小丰不还手。杨自道看着。陈比觉把辛小丰打倒，并不停手。杨自道：别打了！陈比觉懊恼地哭，辛小丰爬起来，失魂落魄地往回走。陈比觉冲上去踹辛小丰，但脚下一滑，传来一声惨叫，地上一个树枝扎伤了他的右眼。辛小丰和杨自道惊恐地看着。
7,7. 空镜 白天案发荒野全景，陈比觉的惨叫洞彻天地。画外音：各位，这就叫自个配药自个吃。字幕：七年后
8,8. 一组剪切镜出租车里，杨自道拉了一个大出血的孕妇。画外音：书说剪短，三个恶棍犯下这么大个案子。路上，出租车超速。医院走廊，杨自道抱着大出血的孕妇向急救室跑。画外音：竟然阴差阳错逃逸了七年。闹市，当了协警的辛小丰和歹徒拼命，被别人围殴死不撒手。画外音：正应了那句古话，人死王八活。海边，杨自道洗车。画外音：在这七年间三人摇身一变……闹市，警察抵达，支援辛小丰。歹徒被带走，辛小丰脱力离开。画外音：……成了正经人了。河边一尊充了龙王，抹点锅底灰冷充灶王爷，乍一看，还真看不出个子午卯酉来。警车里的警察：没事吧！辛小丰：没事！（剧本君注：这组剪辑配合画外音，剪短的介绍了七年后，三兄弟中间两个人的身份，和生活状态。这里面要注意的是，辛小丰表现得异常拼命。）
9,9. 街道 白天杨自道背老奶奶爬山城台阶。杨自道询问：这吧？老奶奶：啊。杨自道放下老奶奶，转身下山，开出租离开。老奶奶拿着钱：你怎么跑掉了呀。
10,10. 闹市 晚上歹徒持械行凶。辛小丰和搭档冲上去制服，被一刀扎伤。搭档指着他：血，血！辛小丰在身上摸了一手血，继续拿着胶布困歹徒：没事没事。搭档：啊，你没事吧。辛小丰催促着：快快快快……（对周围群众）都散了啊，都散了啊！
11,11. 出租车 白天杨自道发现车上有人拉了手机和文件。他拿出一个小桶，里面放着乱七八糟乘客拉下的东西，把东西放进去。画外音：盐从哪儿咸，醋打哪儿酸。杨自道在本上记录着捡到的东西。画外音：脸一抹拉这日子就想重新过了。
12,12. 山城小区 白天辛小丰背瘫痪老人下台阶。画外音：是两撇的都明白，那不可能。（剧本君注：这台词有意思。是两撇，不就是人吗）
13,13. 马路 晚上瓢泼大雨。杨自道的出租车在路上急速但扭曲着行驶，忽然狼狈停下。
14,14. 出租车内 晚上杨自道被人打劫。一人从后面用钢丝线勒住了他的脖子，副驾上的矮个翻着钱，但没多少。矮个掏出弹簧刀：翘腿！不等挣扎的杨自道翘腿，矮个自己就伸手从下面摸出了一个存折和一打一百的人民币。他把钱扔给后面同伴，自己看了看存折。矮个：密码。杨自道挣扎着指着勒住自己脖子的钢丝绳：……这……这……后面人松开一点，杨自道咳嗽喘息。杨自道：妈的，不是说好了配合的嘛，干吗下手这么狠！矮个：密码！杨自道：让我想想。后面马上又勒紧了。杨自道赶紧说：密码是……8……8……矮个直接一刀捅在杨自道的腿上。杨自道惨叫着：啊！8808！这时一道车光打过来，照得车内人睁不开眼睛。闪着警灯的越野疾驰而过。杨自道和劫匪屏住呼吸在车内看着。
15,15. 出租车内外 晚上越野车猛然刹住，又倒了回来。劫匪见状，心惊胆战，连忙让同伙收掉了绳子，自己也藏起了匕首。越野车上走下三名穿雨衣的警察。劫匪强装镇定。杨自道用手敲敲掩盖住了被匕首扎伤流血的腿，这时候外面手电筒的照进来。杨自道摇下车窗，看到了伊谷春的脸。伊谷春：干嘛呢！杨自道搪塞着：啊，没事！（看看劫匪）找不开钱了。杨自道讪笑。伊谷春：车怎么停成这样啊？其余人三名警察对车警惕地进行目测检查。杨自道：雨天，路滑。伊谷春将信将疑地看着杨自道，又把手电照向里面，目光审视。伊谷春：在这儿下车呀？劫匪没回答。伊谷春：啊？问你们呢！伊谷春起了疑心，用手电挨个把里面的人照了一遍。坐在副驾驶上的矮个非常紧张。杨自道打圆场：算了算了，钱我不要了。你们下去吧。在伊谷春的注目下，劫匪没敢动。杨自道催促：快！矮个反应过来：哦，谢谢啊。劫匪下车离开，伊谷春用手电追着他们，还是怀疑，又照回来。杨自道：谢谢警官。那几个是我老乡，老不给钱，能蹭就蹭，吵也没用。谢谢啊。杨自道摇上车窗。伊谷春：慢点开啊。杨自道开车离开，伊谷春刚要上车，突然站住了，似乎想到什么。旁人：伊队，怎么回事！伊谷春马上车，追上去，结果追了一段路，伊谷春跳下来用手电四处照，但并没有发现杨自道的车。伊谷春懊恼：走吧，我直接报道去了。旁人：不是说好了明天给你践行吗。旁人：伊队，餐馆都订好了。伊谷春：改天吧。
16,16. 废车场 晚上杨自道的车藏在里面。杨自道（OS）：得亏是雨天，如果再磨蹭一会儿，估计该露馅了。
17,17. 协警宿舍 晚上辛小丰听电话，在吸烟，其他人在自娱自乐。
18,18. 出租车内 晚上杨自道打着电话：现金有 4000 多。本来打算今天找时间去存的，一直没有腾出工夫来，存折没事，我看那警察的眼睛挺毒的……
19,19. 协警宿舍 晚上其他人忽然都愣了，看向门外。辛小丰没发现，问杨自道：他有没有看清车牌？杨自道 VO：没准。辛小丰被烟烫了一下，右手拇指和食指直接把烟捻灭。杨自道 VO：当时雨倒是挺大的。这时候，辛小丰猛然看到门口站着一个人，正是连夜报道的伊谷春，但他不认识。辛小丰：你找谁？伊谷春：今天谁值班？辛小丰：张……张所。伊谷春走进来：没见着人呀。你们都是协警吧。大家点头。伊谷春伸手逐一握手，向大家自我介绍：伊谷春。新来的警长，日后各位要跟着我，辛苦了。行了，不打扰了。有机会再聊。辛小丰谨慎地看着，等伊谷春离开的时候，最后和他握手，极力掩饰着情绪。忽然伊谷春去而复返。伊谷春：你哪的？辛小丰措手不及：啊，西陇。伊谷春：我从那边调过来，（注视着他）回头聊。伊谷春离开，辛小丰的心并没有松下来。但其他人的心情显得很不错。起画外音：两眼一堵当什么都没发生……（剧本君注：从杨自道遭劫，到这一场结束，剪辑非常有意思，剧本君没有特意去根据剪辑去分场，但是大家可以回头看看，这几几场戏都是在围绕伊谷春来讲，从关键点上，尤其是杨自道和辛小丰打电话的时候，虽然在来回切换，但是在关键台词上，他非常巧妙地对应在了准确角色身上。从杨自道说他眼睛非常毒，到伊谷春最后去而复返问辛小丰，前后照应。）
20,20. 海上鱼排屋 白天瞎了一只眼的陈比觉端着鱼缸。接上面画外音：……那也不是不行。那得是这样。陈比觉嘴一张，一只金鱼从他嘴里掉到了小鱼缸里。七岁的尾巴在旁边喊着。尾巴：白雪公主，白雪公主。小巫最后。陈比觉在嘴里筛选着，又把一只金鱼吐到了鱼缸里。这时，尾巴跑进屋子：是道爸爸，小爸爸电话来啦。陈比觉似乎没听见，他状态和一个智障差不多，在摆弄着脸盆里的鱼。拿着玻璃杯装着鱼，放在自己眼睛前看。明显看出他的视力收到了影响。尾巴 OS：喂，小爸爸，老陈给小金鱼消毒呢。你们什么时候来看我呀。
21,21. 树丛老公寓 白天大雨。辛小丰和杨自道穿着雨衣走在林荫路上。杨自道：你不是喜欢住宿舍吗，怎么又想出来住了？好像是这。门前一座土地庙。二人虔诚地拜了拜，走向公寓门前。辛小丰：来了个新头儿，感觉不好。杨自道敲了敲公寓的铁门，一个老头打着伞走出来。杨自道：你这楼下是出租吧？老头：好人可以。杨自道和辛小丰俩人不明白这老头什么意思。老头：不过我已经赶走了 42 个，没好人。杨自道咧嘴一笑：我们是好人。老头：几个条件先讲明了，不讨价，押一付一。杨自道：当然。老头：是押一年，付一年。辛小丰：你相信吗如果你现在碰到个性子急的人，他敢揍你。老头：你可以不租啊。辛小丰和杨自道愣了。起画外音：瓦罐难离井沿儿破，各位，那大粪勺子遇上搅屎棍子，您说那能好的了吗。嗨，下面咱们书归正传。杨自道：好。就照你说的。出片名：烈日灼心
22,22. 路上 白天辛小丰开车，伊谷春将警笛放在车顶，辛小丰要开警笛。伊谷春：到地再开吧。辛小丰：好。车在行驶。伊谷春百般无聊又似乎在旁敲侧击。伊谷春：你之前怎么没考公务员啊。协警干了几年？辛小丰：快六年了吧。伊谷春：是呀，怎么想的？辛小丰犹豫着回答：嘿，也……没怎么想。这时候一辆出租车开上来，和警车齐头并进。伊谷春看向过去，出租车的乘客神色立马变得紧张起来，顿时伊谷春的眼神凌厉起来。辛小丰发现双方不对，当机立断把出租车别了下来。伊谷春手枪上膛跳下汽车，让辛小丰品出了非同寻常，也连忙跟下来。伊谷春：手抱头，全部下车！伊谷春用手枪震慑车内，辛小丰大喊一声，上去拽人。司机惶恐不安，坐在副驾上的人手伸向包里，被伊谷春发现，当即喝止，并举枪震慑。伊谷春：别动！都别动！手举起来！辛小丰努力控制着另两名嫌犯。伊谷春：把手从包里拿出来！手抱头！抱头！抱头！嫌犯看他，犹豫。伊谷春持枪示警：抱头！！嫌犯退缩了，双手抱头。伊谷春呼喊：小丰，小丰！辛小丰冲过来，先下了副驾嫌犯的包，然后把人控制在了地上。他翻开嫌犯的包，愣住了，从里面拿出一把手枪。淡出。淡入。支援来的警车停在路边押解嫌犯。辛小丰开着车，和伊谷春再次启程。俩人抽着烟，缓解紧的地情绪。辛小丰：就一眼你就敢拔枪？伊谷春：你还不一样？辛小丰没说话，他知道是说自己别车的事。伊谷春：前两年你真该考一下。辛小丰：我，我不是那块料。伊谷春：不考怎么知道啊。辛小丰：真不是。伊谷春：协警，也不是个长久的事儿。辛小丰：这个我知道。啊我，我都……我正打算辞了换个工作，还没来得及跟所长说。（剧本君注：这一场戏讲了两点。第一再次重申伊谷春眼睛毒，第二件事是说伊谷春和辛小丰配合默契，伊对辛惺惺相惜。）
23,23. 街道 白天越野车拉响了警笛，停在街道边。不远处一群人围着，中间两个抱狗的妇女在僵持。矮个的：你放开我。高个的：就不放！你不嚣张吗你！车里。准备下车的伊谷春：以后别再跟我提辞职的事。……至少一年内不许提。辛小丰愣了。
24,24. 公寓二楼 晚上房东带着耳机在偷听，还在本上记录。辛小丰（VO）：会吗？杨自道（VO）：那姓伊的跟咱们那事儿没关系。不会威胁到我们。辛小丰（VO）：你不知道阿道，他真的不是个一般人，就看一眼就敢拔枪，就拿那么准。
25,25. 公寓一楼 晚上辛小丰和杨自道坐在沙发上泡脚。辛小丰：我有直觉。杨自道：真要是直觉不好就辞了。真要是辞了那姓伊的也不能把你怎么着。辛小丰：嗯。杨自道：对了……
26,26. 公寓二楼 晚上房东还在偷听。杨自道（VO）：今天下午，那家人打电话过来，说对尾巴很满意，要早点把她接过去，明天一早我带她去查个体验给他们，顺便看看老晕是怎么回事房东在一个磁带盒上面写上“房客 43”，并将它放入码着 42 个录音带的架子里。
27,27. 警局外 白天辛小丰心事丛丛走在路上，几名急急忙忙地出警，从他身边经过，他显得神色有点不舍，然后看了一眼手里的辞职信。
28,28. 警长办 白天伊谷春把文件摔在地上，正好被要辞职的辛小丰撞见。伊谷春：有事儿吗？辛小丰低头看了一眼辞职信，犹豫了一下，说：我，我想出，出去一下。伊谷春：什么事儿啊？辛小丰：拿，拿几条小金鱼。伊谷春：晚上有任务，不准假。辛小丰失落：噢。伊谷春：手里拿着什么呀？辛小丰：没，没什么。辛小丰想说又不敢说，最后只能矛盾着离开。
29,29. 建筑工地 晚上伊谷春带着辛小丰在内的几名协管在工地上巡视，看到一个地下入口，带头走下去。手电光在破旧的台阶上晃动，地下都被水掩了。伊谷春蹲在水边上的台阶，用手电照向水面，发现有水泡不断冒出。伊谷春：出来。嗨，出来！水里钻出一个人，在手电里显得有些猥琐。伊谷春：过来！过来过来。这人慢慢凑过来。伊谷春：利索点。干吗的？这人：没干嘛。辛小丰碰了他一下脑袋。这人：捡点废铜烂铁。伊谷春：同伙呢？这人唯唯诺诺的。伊谷春：就你一个人？这人有点被吓傻了，不知道言语。伊谷春咋唬着：说话！这人慢慢看向后面的水里，顺着他的目光，辛小丰的手电打过去，一个水泡冒出水面。辛小丰：哎，头儿。伊谷春看过去，然后就见另一个人憋不住从水里跳了出来。伊谷春：还玩呢？过来，过来过来。那人扭脸就跑。伊谷春：站住！辛小丰跳进水里追过去，结果掉到水下暗洞。伊谷春：小丰！小丰！伊谷春见贼还跑，掏出手枪鸣枪示警，吓得贼不动了。伊谷春：何松，把人烤住！（对着水面喊）小丰！小丰！小丰！水下。辛小丰被钢筋网卡主了脚，挣扎不出来。伊谷春钻进来帮他，但无济于事。辛小丰憋不住眼看就要溺亡，伊谷春用枪打断了钢筋，九死一生将辛小丰卡主的脚拉出来。出了水面，其他人已经控制住了贼，协助伊谷春把辛小丰救上了台阶。（剧本君注：这一场戏，是说辛小丰和伊谷春同生共死过了，基情再次升温！）
30,30. 警局外 晚上警车开会来，大家湿漉漉地下车。辛小丰瘸腿过来搀扶一样湿透的伊谷春。伊谷春：赶紧上去洗澡去！辛小丰：没事。伊谷春招呼大家：赶紧上去啊！下来吃夜宵！
31,31. 洗澡室 晚上辛小丰洗澡。穿衣服的时候，摸出已经湿透的辞职信。看了看，最后扔掉。
32,32. 警局外 晚上辛小丰出来，伊谷春在等他。辛小丰：审完了？伊谷春：审完了。三个月作案十八起，赃款七十多万，一个专业团伙，你干嘛去？辛小丰：我还是想趁着工夫取一下小金鱼。噢，上班之前我肯定能赶回来。伊谷春：你的小金鱼有那么重要吗？辛小丰沉默。伊谷春：上哪儿取啊？辛小丰：金元岛。伊谷春：切，一百多里，你赶个屁！辛小丰笑笑，示意了一下，然后离开。伊谷春陷入沉思。
33,33. 街道 黎明辛小丰在街道上徘徊。一声车笛，伊谷春的车已经到了跟前。伊谷春：你来开。辛小丰不明白什么意思。伊谷春：上车去，快。伊谷春坐上副驾。
34,34. 山道 白天车在行驶。伊谷春给辛小丰点了一个烟提神。伊谷春：你们西陇，有种笋，白色的，长在溪水边叫绿笋，对不对？辛小丰：嗯。伊谷春：之前一直以为冬笋最好吃。吃过绿笋之后，才知道天下还有比冬笋更好吃的笋。辛小丰：最好的在宿安。伊谷春：对，第一次吃是在师父家。师父老婆是宿安的，从老家拿来一大编织袋的绿笋，这绿笋娇气，不吃马上就老。师父就把我们这几个单身汉叫到家里吃绿笋，全是绿笋，绿笋宴。哈哈哈哈，好吃。伊谷春忽然沉默了。辛小丰看着他，不知道怎么了。伊谷春：吃完绿笋宴第二天，宿安水库就发生了强奸杀人惨案。辛小丰表情僵了，看得出他又想到了那件事。伊谷春也陷入回忆里：那我是第一次参与的大案，师父带我去了现场，终身难忘。到今天就像刀子刻在脑子里一样。放不下。辛小丰猛地刹住车，差点掉下旁边的悬崖。两人都吓呆了。辛小丰向后看去，见一只狗从车后跑走。伊谷春：那么大一个活物你没看见呀。辛小丰心虚，僵硬地笑。伊谷春：慌慌张张的。烟！辛小丰嘴里的烟灰已经很长了，这一提醒，辛小丰连忙将烟拿下来用右手捻灭。这动作引起了伊谷春的好奇。辛小丰也意识到了不对。【闪回案发别墅阁楼掉落在地上的玉坠上有一枚指纹。 结束】伊谷春警惕地看向辛小丰。辛小丰：坏毛病。伊谷春没听进去，他在怀疑。【闪回在协警宿舍第一次见面时，辛小丰捻灭烟。结束】伊谷春沉默不语，在联想着一些事。辛小丰提心胆战地调整车头继续前行。伊谷春：那么大的案子，当时你没听说啊？辛小丰：也听说了一些。伊谷春：一家五口，女孩，外公外婆，父母。女孩学美术的，假期跟着父母下来写生，外公外婆随行。尸体发现时都已经臭了。尸水遍地，满屋子蛆在爬。辛小丰假装镇定。伊谷春：我师父在刑侦方面算是个异类，按他的推算最先遇害的是女孩，或许作案人另有他图。但赤裸的女孩一下刺激了作案人，强奸发生在瞬间，女孩猝死。法医鉴定是心脏病突发。伊谷春看向辛小丰。【闪回案发别墅阁楼，女孩在反抗。结束】伊谷春盯着辛小丰：作案人手段残忍，却心智过人，那对夫妻的脑颅都被打碎了。现场却几乎提取不到一枚指纹。唯一的疏漏是女孩身上的吊坠，有人在上面摸了一下。【闪回年轻的辛小丰在阁楼台阶那扔掉吊坠。结束】伊谷春：你觉得是惯犯吗？辛小丰小心翼翼：像是吧，像是。伊谷春：当天有人在水库边看到三个小青年，其中一个胸前有纹身，还有人在死者的门前拾到一本天文爱好者杂志。还有人说是同性恋，但我认为完全扯淡。辛小丰：怎么呢？伊谷春：同性恋会强奸女孩吗？辛小丰试探道：那这个，那这案子，那这案子就悬在那儿了？伊谷春：我师父跟他们产生了分歧，案子走到弯路上去了。不过干我们这行的都知道一个词叫天谴，或许哪天冥冥之中，老天爷突然给了你一个机会。辛小丰心事重重地开车。（剧本君注：这场戏太重要了。等于是伊谷春第一次和辛小丰交锋。整个戏是大戏，所以导演在里面插了闪回来破这么长对话的口。也用台词交代了，为什么伊谷春就遇到了宿安水库的嫌疑人辛小丰，就像他说的那样也许是冥冥之中也许是天谴。）
35,35. 渡口 白天伊谷春看着辛小丰坐船前往金元岛。他靠在车上抽烟，在思考辛小丰和宿安惨案的关系。忽然被自己这个想法逗笑了。
36,36. 闹市 白天杨自道的出租车开过来。他从车上下来，闹市走去。
37,37. 鱼排屋 白天辛小丰从船上跳上鱼排屋，打着电话，慌张地走进屋子。
38,38. 闹市 白天杨自道：喂。辛小丰（VO）：车上有人吗？杨自道：我在买烟，怎么了？
39,39. 鱼排屋 白天辛小丰试图让自己冷静，想了想：算了。晚上等你回来再说吧。有事。辛小丰挂了电话，发现鱼缸的鱼都死了，神色凝重起来。（剧本君注：从 35 场戏到这一场戏，导演在剪辑上彻底把场次打乱了，这是本剧导演惯用的手法，是蒙太奇的表现。）
40,43. 闹市 白天杨自道买烟。忽然听到有人喊道：抢劫！杨自道看过去，只见一个摩的抢了女人的包。他想拦住摩的，结果失败了。他回身跑向自己的出租车，受害人倒在地上，一名女孩（伊谷夏）正在询问她。杨自道拉开车门，把伊谷夏当做受害人的家属了，拍了一下她：你，跟我上车。伊谷夏愣了。杨自道：快点！伊谷夏想了想跑上车。杨自道载着伊谷夏追逐。
41,44. 海上 白天辛小丰坐船返回，手里拿着空鱼缸，深色默然。
42,45. 闹市 白天杨自道开车追逐摩的劫匪。劫匪摘下头盔扔向汽车，头盔把前挡风玻璃砸坏了。杨自道不服气，追得更狠了，开始拼命。
43,46. 高铁桥下 白天杨自道把摩的劫匪堵到了桥下临海的岸边，前面已经没有去路。劫匪下摩的，掏出匕首准备教训杨自道。伊谷夏：怎么办？杨自道怡然不惧，开门下车。伊谷夏担心地：他有刀！杨自道在地上捡起一个木棍，这时候伊谷夏冲下车，劫匪想抓人质冲向伊谷夏。杨自道：小心！杨自道拉开伊谷夏，劫匪的匕首划伤了他的腹部，杨自道趁机拿木棍打在了劫匪头上。击倒劫匪杨自道补上去，一个和两个人打。伊谷夏大叫：来人啊！抢钱啦！来人啊！周围工人围上来：哪个抢钱？伊谷夏：下面那个，还是上面那个，中间是我朋友！
44,47. 渡口 白天船靠岸，辛小丰随着人流上岸。
45,48. 高铁桥下 白天劫匪被工人制服。杨自道爬起来，用衣服掩盖了自己受伤的腹部。伊谷夏关怀地看着他。杨自道：快去看看你的钱。伊谷夏：血……杨自道：快去！这么乱！杨自道不愿久留，上车赶紧离开。伊谷夏在摩托上找到被抢的包，看到杨自道走了，再追已经晚了，只能看着他扬长而去。（剧本君注：从 43 场到这一场，也是蒙太奇的叙事。）
46,49. 渡口 白天伊谷春趟在车里休息，电话响了。伊谷春：喂。伊谷夏（VO）：哥，刚才我抓了两个贼跟一司机。可是那司机跑了，能帮我找找吗？辛小丰从外面向车里看。伊谷春：什么司机贼的。我这忙着呢，晚上回去再说，小夏。伊谷夏：喂？伊谷春挂了电话，看到窗外辛小丰示意他开门。辛小丰上车后，把鱼缸放到后坐上。伊谷春：鱼呢？辛小丰：死了。伊谷春：死了？你没跟别人说好啊。辛小丰默认了。
47,50. 路上 白天车在行驶。伊谷春：真他妈一根筋。几个小时就这么傻狍一趟。你这脑子怎么看也比一般人清楚啊，你就不知道打个电话。犯这么傻。那鱼排上谁啊。辛小丰：我一兄弟，给别人看鱼的。伊谷春：金鱼怎么放在他那，拿给谁啊？辛小丰：我女儿。伊谷春惊愕：没听你提过啊。辛小丰：哦，她一直跟我那兄弟在鱼排上，我没法带，也是他女儿，金鱼孩子自己养，两年多。伊谷春：谁谁谁女儿，到底谁女儿？辛小丰： 一弃婴。伊谷春：啊？辛小丰：她是一弃婴。伊谷春吃惊的脸。
48,51. 公寓外 白天杨自道全身被血浇透了，他踉跄着脚步，捂着胸口往家走。
49,52. 公寓一楼 白天杨自道关门进来，胸口的伤口很深。他强忍着疼痛，拿出针线和白酒，用白酒给伤口消毒，疼得他就算咬着毛巾也渗人。
50,53. 公寓二楼 白天惨叫声吓得二楼偷听的房东连忙调整收音量。
51,54. 公寓一楼 白天杨自道倒完一整瓶白酒，伤口刺激得他几乎晕厥过去，声音刺裂。
52,55. 公寓二楼 白天这让偷听的房东既紧张又震惊，不知道杨自道发生了什么。
53,56. 公寓一楼 白天杨自道缓了缓，用打火机给针消毒，穿上线，开始忍痛自己缝合伤口，每一针都疼彻心扉，他脸色苍白地导着气。
54,57. 车内 白天从车外看去，已经进入了城市。伊谷春：那几条小金鱼长什么样还记得吧？辛小丰：啊，尾巴都给起了名字呢。伊谷春：前面路口左转。辛小丰惊愕：啊？
55,58. 病房 白天辛小丰在打电话，等待中。尾巴穿着病号服趴在病床上和陈比觉逗鱼缸里的鱼。尾巴：葫芦娃怎么变样了？陈比觉：那不是葫芦娃。辛小丰在旁边打着电话：你拨打的电话暂时无人接听。尾巴（OS）：是，你看。辛小丰又重新打。尾巴（OS）：那是小巫女，这不是白雪公主。辛小丰还是打不通。
56,59. 警长办 白天伊谷春从文件柜最顶层翻出了一份文件，封面上写着“宿安水库凶杀案”。翻开里面是一张当年的报纸，头条文章“西陇市宿安县宿安水库灭门悬案”。伊谷春坐在桌前静静沉思。
57,60. 公寓 白天透过公寓的窗户，辛小丰疾步归来的身影出现。他向屋里喊杨自道，没人应，拿出钥匙开门进屋发现了躺在床上盖着被子已经昏迷的杨自道。辛小丰：阿道！辛小丰惊呆了，走过去掀开被子，看到杨自道缝合后包扎的伤口已经被血染红。辛小丰：干！我干！我干你老母！……（呼唤）阿道，阿道……辛小丰艰难地把杨自道扛在身上，背出公寓，向外跑去。这个离开的身影，被二楼偷窥的房东瞧在眼里。房东迟疑的表情。
58,61. 医院 白天辛小丰在医院走廊了等着杨自道出手术室。他靠在墙上想静一静，但电话响了。辛小丰：喂？陈比觉慌张地（VO）：尾巴摔倒了，不说话，还小便、抽筋……辛小丰：是不是又晕了？陈比觉无措地（VO）：不晕，抽筋，不说话，喊她也喊不醒……医生不给我说，你们得过来，现在就得过来……辛小丰：你你你别喊，别喊！我马上过来，啊。陈比觉（VO）：你们得过来，现在就得过来！辛小丰挂掉电话，无助地表情。
59,62. 走廊 白天辛小丰拿着诊断书从办公室里出来，整个人看着都要崩溃了。
60,63. 病房 白天辛小丰看着昏迷中输液的尾巴。尾巴睁开眼。辛小丰：尾巴。尾巴虚弱地用手摸摸辛小丰的鼻子。
61,64. 街道 白天辛小丰心情疲惫地走着。一个人凑上来：大哥，要碟吗，我这有最新的。男的和女的，两男三女，男的和男的。辛小丰向绕开他，结果他挡着路。这人：唉，大哥，大哥……辛小丰一把把这人按在了墙上，发泄着自己的怒火，咆哮：干！辛小丰离开。（剧本君注：这场非常有意思。有意思在为什么要在尾巴重病、杨自道重伤、辛小丰心情低到极点的时候出现一个卖碟的。这是编剧有意而为之的，因为整个故事的起因，就是辛小丰强奸了那个女孩，一切的罪来源于性。如果没有性没有强奸，也就没有这一切，辛小丰这时候其实是在自责，但好巧不巧地卖黄碟找上他，这不是伤口撒盐吗？是编剧故意再一次的刺激辛小丰的良心。）
62,65. 走廊 白天人满为患，走廊里都摆满了加床的病患。杨自道的病床就在其中，辛小丰坐在床边。这时候杨自道已经苏醒了。杨自道：直觉看来还是很准的。辛小丰：还有，（考虑了一下）尾巴的事。杨自道：你觉得他掌握了多少？辛小丰：纹身、老陈丢掉的杂志，（伸出已经磨掉指纹的拇指）还有这个。可能是我磨指纹的习惯吸引了他。（低声）有人在水库边上看见了我们仨。杨自道：其他的他还知道什么？辛小丰：不知道。杨自道想了想：现在走还来得及。我要抓紧出院。这一两天把尾巴给人家送过去。我们马上离开厦门。体检报告出来了吗，得给人带上。辛小丰想到尾巴的事。杨自道：小丰，（郑重）尾巴我们得放手了。辛小丰：我知道。
63,66. 医院 白天走廊，辛小丰抱着尾巴出院，陈比觉拿着东西跟在后面。交费处，辛小丰递上就医卡：销户，都取来。
64,67. 街道 白天辛小丰买了一本动车时刻表。
65,68. 公寓 白天辛小丰在收拾尾巴的东西。
66,69. 协警宿舍 白天辛小丰把自己的柜子收拾干净，提着行李袋准备离开的时候，想到什么，回到自己的床边，把挂在那的协警警服上的警号撕掉。
67,70. 医院 白天住出院办理台。辛小丰递上申请表：办出院。杨自道。
68,71. 公寓 凌晨辛小丰睡着的尾巴心有不舍，杨自道走上来，拿起新买的衣服想要撕掉标签。辛小丰：别给她换了。让她多睡会。尾巴熟睡的面孔。
69,72. 山路 凌晨辛小丰抱着睡觉的尾巴，跟在拿着行李端着鱼缸的杨自道身后。辛小丰：你说那家人会对她好吗？杨自道：他们挺喜欢尾巴的。辛小丰：舍得给她花钱吗？杨自道：会的，他们家条件不错。辛小丰：那要花很多钱。杨自道：你神经病啊！人家是养孩子又不是养钱漏子！辛小丰心里有事在犹豫着说不说。杨自道把东西放到出租车上：上车。辛小丰：要不算了，阿道。杨自道：辛小丰，你就别在这跟我妇人之仁了。我们这不是为了逃生，你他妈知道。辛小丰：我知道。杨自道：你知道就别在这跟我说这个屁话。上车！辛小丰还是不想，犹豫不决。杨自道冲上来：把孩子给我。辛小丰：阿道。杨自道抢过了尾巴放到车上，尾巴醒了。尾巴：去哪里啊，道爸爸。杨自道：乖，睡吧，啊。辛小丰站在那手足无措，又不忍心，他就像一个孩子无力保护自己心爱的东西一样。杨自道上车。尾巴敲着车窗：小爸爸，小爸爸。尾巴哭。辛小丰答应着：没事，不哭啊，不哭，没事没事。杨自道开车走，辛小丰在后面追，劝着里面的尾巴不哭。辛小丰冲到前面，拦住了汽车。辛小丰：阿道……杨自道下来：你他妈到底想干什么！辛小丰哭了：对不起，我……（从口袋拿出体检报告）你看你看，你看。杨自道：这什么？辛小丰哭着：尾巴的病例。杨自道拿过来，翻看。辛小丰：我给那家人的是假的……杨自道看向辛小丰。辛小丰：大夫说了，再不做手术，她一年都活不过。杨自道心里恨，一巴掌把辛小丰打倒在地，自己牵动伤口也倒在地上。辛小丰：阿道，你别说，别说话，什么都别说……辛小丰痛哭。尾巴拍着车窗也哭。杨自道：认命吧。
70,73. 手术室外 白天辛小丰、杨自道、陈比觉在休息室焦急等待。
71,74. 走廊 白天辛小丰和杨自道准备离开医院。杨自道：得赶紧想办法弄钱。哎，现在想想，那天被劫，真应该把那几千块钱留下来。辛小丰：我也从来没想过要留钱。这么多年，其实每天都没……都没指望还有明天。杨自道点点头表示理解。辛小丰：我有点累。快到门口的时候，辛小丰的电话响了。结果没发现伊谷春打着电话正扶着腹痛的妹妹伊谷夏走过来。辛小丰看着电话：姓伊的。（接通）哎，头儿。这时，伊谷春看到了前面辛小丰和杨自道，辛小丰二人也看到了他们。三人还没说话，倒是伊谷夏惊喜地跑向杨自道。伊谷夏：嗨，老头儿！你怎么在这儿啊！伊谷春慢悠悠地走过来。伊谷夏：哥，这就是我跟你说的那的哥，追劫匪的那个的哥。伊谷春看杨自道，杨自道看伊谷春，瞬间俩人都认出了对方。伊谷夏介绍：这我哥。辛小丰：这我们头儿。伊谷春和杨自道当做不认识对方，握手问好。伊谷春：伤好这么快啊？伊谷夏：对呀，你怎么这么快就好啦。杨自道牵强一笑。伊谷春：哎，你不疼啦？伊谷春这才想起自己腹痛：疼。伊谷春：你自己回去吧。（对辛小丰）你跟我走。那边有人跳楼。（对妹妹）你自己回去吧，打车，不送你了。伊谷夏撒娇：哥~伊谷春：干嘛！辛小丰：让阿道送吧。伊谷夏求之不得地点头。伊谷春：谢谢啊。伊谷春向杨自道示意后当先离开，辛小丰跟在后面，临走的时候跟杨自道交流了一下眼神。杨自道没多说，也走了。倒是没心没肺地伊谷夏很开心。
72,79. 医院外 白天杨自道给伊谷夏开后门，伊谷夏追在后面像个小孩问东问西。伊谷夏：这刚几天呀，你出来拉活儿，（进车）掉钱眼儿里了你。你不要命了吧你。杨自道关车门去开后备箱，把东西放进去，趁机打出一个电话。杨自道：小丰。
73,80. 车内 白天辛小丰听着电话。杨自道（VO）：小心那个姓伊的，他认出我来了。
74,81. 医院外 白天杨自道扣上后备箱，看到伊谷夏正敲着后车玻璃催他，杨自道笑笑上了车。
75,82. 车内 白天虽然已经挂了电话，但辛小丰还在假装通话。辛小丰：好。那你到了来个电话吧。辛小丰挂掉电话，看了眼伊谷春，想看看有没有被察觉。伊谷春：刚那个是你堂哥还是表哥啊？辛小丰：都不是。我们从小一块长大。伊谷春：鱼排上那个呢？辛小丰：也是。俩人沉默了一会。伊谷春：三兄弟啊？辛小丰：啊。伊谷春很迅速地看了一眼辛小丰，似乎也在判断。
76,83. 出租车内 白天伊谷夏在车后座上很高兴。伊谷夏：好玩。你救了我，然后你弟又是我哥的手下。你认命吧，你逃不出我地魔爪啦。杨自道笑着搪塞：是是。
77,84. 车内 白天伊谷春：你那兄弟怎么那么着急出院啊？刀口感染很麻烦的。辛小丰：没办法，需要钱。伊谷春看辛小丰。辛小丰无奈道：其实他出来拉活已经有两天了。我们刚才是在孩子身边，她心脏出了问题，诊断是法洛四联症，需要马上手术。我们刚给她做了静体动脉肺动脉分离术，花了四万多，接着得做第二期。辛小丰心情有点沉重。伊谷春也不愿再多问什么。
78,85. 小区楼下 白天一个跳楼的男尸横在地上。警察再做现场取证。
79,86. 28 楼民居 白天伊谷春从阳台向下张望，然后回到客厅。他检查着死者家中的布置，从用品到餐桌上摔碎的合影可以看出，死者是一名戏剧演员。伊谷春从隔离带走向电梯，辛小丰跟在后面想出去。伊谷夏：你留这。辛小丰：好。伊谷春走到电梯口，等待电梯。辛小丰站在门口，小心翼翼地通过反光监视着伊谷春。滴的一声电梯打开，伊谷春和出来的一名台湾男人擦身而过走进电梯。屋里辛小丰抓住伊谷春离开的机会，拿出电话打了出去。辛小丰：阿道。
80,87. 出租车里 白天杨自道：那天查车的那个就是他。
81,88. 28 楼民居 白天辛小丰听着电话。杨自道（VO）：我被劫的那天。辛小丰：你是说……杨自道（VO）：他刚才认出我了，但当做没事儿一样。你那，现在又是我这儿。辛小丰有点抓狂。杨自道（VO）：小丰，留给我们的时间恐怕真的没多少了。辛小丰没注意到那个台湾男人走进了屋里。这个人神色黯然，看着屋里一切，拿起餐桌上那张破碎的照片缅怀。上面是他和死者的合影。辛小丰：晚上再说吧。我这来活儿了。台湾男人拿起餐桌上剩下的 XO 一口气全部喝掉，这时候辛小丰挂掉电话，心里纠结时，猛然发现了这个男人，顿时吓了一跳。辛小丰：你干嘛！你谁啊！说你那！台湾男人不理辛小丰，直接冲向阳台，辛小丰惊怒着冲过去。但已经来不及了，台湾男人跳下阳台时踢翻了旁边的盆栽，就在要掉下的时候，衣服挂在里放花的架子上，辛小丰这时赶到一把抓住了他的衣服。
82,89. 楼下现场 白天伊谷春正在和办案人员交谈，掉下来的盆栽砸在地上。伊谷春向上看去，看到一个人悬挂在阳台外，辛小丰正拼命地拉着。伊谷春冲进楼内。
83,90. 28 楼民居 白天台湾男挂在阳台上挣扎。辛小丰抓着他：别他妈乱动！别动！
84,91. 一楼 白天伊谷春跑进来电梯还在 27 楼。他直接选择爬楼梯。
85,92. 28 楼民居/楼梯间 白天辛小丰使劲抓着台湾男：别他妈乱动！伊谷春爬楼。台湾男终于不动了。辛小丰：把手给我，把手给我。来，把手给我。台湾男伸手，但就要在抓到的时候，又放了下来。辛小丰急了：你他妈给我！台湾男向下面看，犹豫着还要往下跳。伊谷春已经脚步踉跄，但还在往上爬。辛小丰：你先上来，好吧，上来，上来我跟你说。台湾男微笑着摇摇头：太不善良了。这时候台湾男的衣服一滑，他整个人都往下坠，辛小丰拼命拉住。辛小丰声音都变了：不是你说的那样！辛小丰使劲地拽着，汗滴答滴答地往下掉，这被台湾男看在眼里。《烈日灼心》中文剧本 剧本君--翻译剧本君的电影世界（微信号：jbjddysj） 24台湾男：我问你个问题。辛小丰赶紧答应：嗯，你说！伊谷春晃晃荡荡全身湿透地跑进民居，向阳台看去，只见辛小丰和台湾男俩人摊到在阳台上，他一下子也累瘫在地上，心有余悸。
86,93. 车内 白天车在行驶。伊谷春在思考，经过路口时，他拐向了去往西陇的方向。
87,94. 师父家 晚上伊谷春敲门，他的师父见到他有点意外。师父：也不打个电话。伊谷春像做错了事的孩子，没说话。师父打开门让他进来。
88,95. 公寓 晚上辛小丰坐抽着烟在沙发上不知道想什么。杨自道：那么多巧合都能撞倒他身上，那个姓伊的真是那家人派来索命的啊。房东在监听。杨自道（VO）：怕是我们挨不到尾巴下次手术了。辛小丰捻灭烟头：不还是没到那一步吗。该河里死，井里死不了。眼下最重要的是，是给尾巴攒那手术费的钱。房东监听。辛小丰（VO）：至于鞋什么时候掉，再看吧。辛小丰：尾巴该睡了。（起身）去晚了她得着急。房东监听。辛小丰（VO）：走了。杨自道（VO）：等等，先把拖欠的医药费还一还。马上要过年了，护士长已经催了好几回了。辛小丰（VO）：我明天一早上班，你结吧。房东摘下耳机，看着面前本子上记得的信息，思索着。
89,96. 师父家 晚上伊谷春和师父在吃饭。师父：哎，最后一杯啊。伊谷春：好。师父：哎对了，你刚才问我水库的这个案子。伊谷春倒酒。师父：有个细节你可能一直都不清楚。好像这个女孩跟别人生了个孩子。伊谷春倒酒的手一哆嗦。师父：传言啊，据说对方的年龄挺大，可是一直没找到这个人，不过我走访的时候，倒也没听说过谁见过这个孩子。伊谷春将倒满的酒杯放到师父面前，等着他接着往下说。师父：走吧。不早了，还有那么远的路，啥时候有把握了告诉我一声，也让我去了这块心病。伊谷春有点不自信：我，我只是感觉。师父：我知道。沉默了一会，伊谷春在考虑说不说，师父在等他说。最后，伊谷春还是决定说出来。伊谷春：师父，要是那孩子生下来应该七岁了吧？师父：怎么也有了吧。伊谷春思考着。
90,97. 警长办 白天伊谷春陪着台湾男在等待，俩人没话，气氛显得有点尴尬。辛小丰敲门走进来，台湾男立马热情地站起来。伊谷春：找你的，非要当面致谢。台湾男：辛警官，那天给你添麻烦啦。今天我想当面跟你说一声谢谢。辛小丰：不用不用，你坐。台湾男坐下：你也坐吧。辛小丰：我不坐了。那个我不是警官，我是协警。台湾男：都一样嘛。都没差啊，都是阿 sir。辛小丰：没有没有。台湾男：我想看看你今天晚上有没有安排，这不远有个红酒庄是我设计的，想请你过去坐坐。那个……伊警官也一起吧。伊谷春微笑着拒绝了。辛小丰：我不会喝红酒。台湾男带了点乞求：过去坐坐嘛。辛小丰有点为难：我真……台湾男拦住他：我地命呢是你捡回来的，给我一个表示一下的机会，好吗？辛小丰想了想：今天真不行。台湾男有点失望。辛小丰：这样吧，你给我留个电话。哪天我有空了过去坐会儿，给你打电话。台湾男：这样子……好吧。台湾男拿出笔，在伊谷春那借了一张纸把电话留给了辛小丰。（剧本君注：这场戏也很有意思。在片中，这唱戏本来是辛小丰和吕颂贤的对白戏，但是导演给了伊谷春很多镜头。其实导演的潜在意思是向表达，从这个时候起辛小丰已经有借吕颂贤 GAY身份逃避伊谷春怀疑的打算了。）
91,98. 病房 白天陈比觉在算着加减乘数似乎在练自己的智商。辛小丰收拾着东西。杨自道：尾巴呢？这时候伊谷夏拿着气球和尾巴走进来。尾巴：哎，道爸爸，我刚才去给大家送气球了。杨自道：你怎么又来了？伊谷夏有点难过：尾巴……尾巴：是我让姐姐来到。伊谷夏抱住尾巴亲了一口：真好！杨自道拉着尾巴：走，吃饭。比觉，吃饭。辛小丰开始给大家分饭。尾巴悄悄向伊谷夏招招手和她再见，伊谷夏拉着她依依不舍。辛小丰：你不要一块吃？伊谷夏：不了。（想到什么）哎，后天就是大年三十了，你们年夜饭怎么办？几个人都沉默了。伊谷夏：要不这样吧，让给我们家做年夜饭的饭店，给你们送点。辛小丰想说话，但杨自道直接：不用。伊谷夏有点不高兴：不用就不用，凶什么凶。伊谷夏想走，但转身回来扒拉了杨自道一下，伸出手一副索要的态度。伊谷夏：给我二十块钱。杨自道：干吗？伊谷夏：打车。杨自道掏钱：那你刚才怎么来的?伊谷夏：跟司机讲故事来着。（抢钱）谢了，走了尾巴。尾巴招手：你一定要来看我。伊谷夏：拜拜。大家：拜拜。辛小丰掏出电话，看了看没接。杨自道看着他，判断出他有事，但没问。护士走进来：是 408 床吗？杨自道：是。护士：收据。4893。刚才那个女孩都结清了。杨自道和辛小丰一愣。陈比觉：4858 加 35 等于 4893。杨自道用眼神质问辛小丰，是不是他告诉伊谷夏的。辛小丰：我都没跟他说上话。杨自道看向陈比觉。陈比觉傻傻地嘟囔着：4893 减 4893 等于 0。（剧本君注：这一场是一场细思极恐的事。剧本君在看的时候一直不明白为什么陈比觉这个傻子在一直算数。一开始以为他是在练智商。但是后来才明白，其实他是在用间接的方法告诉伊谷夏他们所欠的医药费。在大结局的时候，陈比觉自己说智商 163，其实这一场戏体现了他的聪明，他装疯卖傻但又准确掌握了伊谷夏对杨自道的感情，所以用算数的方法让伊谷夏为他们的欠费买单，而且他还知道杨自道不会跟他这个傻子生气。）
92,99. 空境 晚上厦门城市上空炸开灿烂的烟花。
93,100. 酒店门前/出租车 晚上伊谷夏在等待，她给杨自道打电话。开着出租车的杨自道：喂？伊谷夏：可不可以过来接我？杨自道：好好好，告诉我你在哪儿？
94,101. 酒店门前 晚上放着烟花的酒店门前，杨自道的出租车开过来，周围等车的人拥挤上来。杨自道摆摆手，直接把车开到伊谷夏面前。伊谷夏：嗨，过年好，老头！伊谷夏倍有面子地看着杨自道拒绝别人后，她拉门上车。杨自道：怎么就你一个人啊？家里人呢？伊谷夏：回家看电视去了。杨自道：那你怎么不一去啊？车坐不下？伊谷夏：太坐得下了，我不坐。杨自道笑了：照顾我生意啊。伊谷夏：生意生意，你就知道生意。我想陪你过大年十三啊，老头！杨自道有点伤感，但还是笑了。
95,102. 高架桥 晚上天空放着烟花。伊谷夏把身子探出车外，大声欢呼着。车在桥上开着。伊谷夏回到车里：老头，一会儿我们俩掉头。车能在十秒钟内就通过这座桥吗？杨自道：那得四个轮子都得飞起来。要有什么事，拿什么赔你啊。伊谷夏：拿命啊。杨自道笑。伊谷夏：试一下，啊。车掉头，驶向大桥。伊谷夏：准备好了吗，别掉过了呀。……预备，开始！车载大桥上奔驰。远处是灿烂的烟花。伊谷夏在车内倒计着时间。猛地亲了杨自道一口。车在大桥上刹住。伊谷夏看着杨自道，杨自道心慌了。杨自道：行了，玩得差不多了。回去陪你爸爸妈妈吧。伊谷夏抓住杨自道的手：我喜欢你这样，老头。杨自道蒙了，自嘲地笑了一下：好了好了，下次带你玩。伊谷夏松开了手。
96,103. 破楼 白天一个男孩提着外卖在楼外前行，在楼门前按门禁。OS：谁呀？男孩：送外卖的。门锁打开，男孩拉门进去。楼内。男孩走在前面，伊谷春跟在后面，在房门前俩人分开，伊谷春掏出枪躲了起来。在他身后还跟着穿便衣的协警。男孩走到门前又走回到楼梯口，向墙壁上的摄像头举起了外卖框，骗开了门。伊谷春带着人迅速冲过去，悄然地制服了开门的人。伊谷春提着外卖框走进屋里，里面是一个麻将赌场，几桌麻将正打得如火如荼。他把外卖框往桌上一扔，一个赌徒不乐意了。赌徒：我干你老母！伊谷春：警察，抓赌。赌徒：我他妈还警察呢。辛小丰和其他协警冲进来，开始制服炸锅的赌徒们，人民币乱飞。辛小丰看了一眼，然后又开始控制赌徒。
97,104. 警长办 白天辛小丰坐在那，伊谷春像聊天一样询问着。伊谷春：老何那赌案你知道赌资有多少吗？辛小丰心里有鬼：知道。三十一万多。简版不都出来了吗。伊谷春：三十一万两千六百。实际上应该比这再多一些。喝水。辛小丰看着茶水没动。伊谷春：想什么呢？辛小丰：没，没什么。伊谷春：我很喜欢法律。我认为法律是人类发明过的最好的东西。你知道什么是人吗？辛小丰看着他。伊谷春解释道：在我眼里，人是神性和动物性的总和，就是它有你想象不到的好，更有你想象不到的恶，没有对错，这就是人。所以说法律特别可爱。它不管你能好到哪儿，就限制你不能恶到没边儿。它清楚每个人心里都有那么点脏事儿。想想可以，但做出来不行。法律更像是人性的低保，是一种强制性的修养，它不像宗教要求你眼高手低，就踏踏实实地告诉你至少应该是什么样子。伊谷春看向辛小丰：又讲人情，又残酷无情。辛小丰沉默了，眼神里透着一丝犹豫。伊谷春：有意思吗？辛小丰不说话。伊谷春：你怎么看？辛小丰：我，没什么可说的。（撑着桌子站起来，考虑片刻）是我拿的。实际上多了四千五，我知道你迟早会找到我。伊谷春沉默，思考。辛小丰等着处理。伊谷春：简报已经出来了，那个数字就是正确的。合适的时候，我会还回去，还给法律。这钱我出。我们一样出生入死，你的工资也就是我地五分之一。我也不会跟你说下不为例，我这么做不代表你也得这么做。这种事儿，只能等你理解。辛小丰愣了。伊谷春：你去吧。辛小丰离开。伊谷春想到什么，忽然把目光盯向了辛小丰刚才撑住的桌面。（剧本君注：剧本里最难写的戏之一就是劝人戏，写好很难，一多半写了都让观众反感。想这么有味道的劝人戏，可以多看看。）
98,105. 警局走廊 白天辛小丰呆呆地下楼，忽然想到什么急匆匆地又跑上来。旁人和他到招呼，他简单搪塞，目光透过玻璃看向伊谷春正在站在办公室的椅子上，在文件柜里翻着什么。辛小丰只能心事重重地下楼。
99,106. 警局 白天辛小丰二楼外的阳台上偷窥办公室里的伊谷春，见伊谷春坐在椅子上抽烟沉思。终于等到伊谷春离开房间去打水，辛小丰壮胆走进伊谷春的办公室。伊谷春打水。辛小丰用衣袖擦拭他撑过的桌面，向赶紧离开，但猛然发现问题。他水平视角去看桌面，却发现桌面非常干净，显然有人擦过。这让他大吃一惊。辛小丰手里拿着台湾男给他的电话，经过斗争，终于下了一个决定。他揣起电话，走出了警局休息室。
100,107. 警长办 白天伊谷春用放大镜看采集到的辛小丰指纹，然后又拿起凶杀案现场遗留的指纹对比，一起放入证据袋，原本想锁在文件柜里，但他最终还是放进了自己的包里。伊谷春看到了在警局外等候的那名台湾男，随后辛小丰迎过去，俩人亲热地打着招呼，然后驱车离开。伊谷春想了想。
101,108. 协警宿舍 白天伊谷春走进来，一名协警从床上爬起来。协警：头儿！伊谷春：辛小丰呢？协警：他……伊谷春：干嘛去了，最近见他神出鬼没的。协警：他……他最近好像跟那个台湾人走挺近的。
102,109. 食堂 白天已经过了饭点，里面只有辛小丰在吃饭。伊谷春端着饭走过来。辛小丰：这么晚？伊谷春：干个材料，分局着急要。这两天没怎么见你啊。辛小丰：啊，被抓取修剪那个树杈了。所长说那个人高以下的树枝都得给修掉。伊谷春笑笑。辛小丰想走：那我……伊谷春：急吗？坐会儿。辛小丰只能留下来。伊谷春：这段时间是不是着急要筹到那笔手术费？辛小丰：没有。也不是那么急。伊谷春：得多少大概？辛小丰：要是没什么意外，五万多吧。伊谷春掏出银行卡放到桌上：这里面大概有一万多点吧，我这人平时也不留钱，你拿着先用。辛小丰：不用，我现在真的不需要这个。我会想办法的。伊谷春：拿着。有些事情可以想办法，有些决不能。辛小丰低下头。伊谷春：我不指那事儿。辛小丰没说话。伊谷春：你最近是不是在赌球啊？辛小丰：没有啊。伊谷春：别跟我撒谎，小丰。辛小丰：真的没有。伊谷春：那就好。辛小丰不知道伊谷春为什么会这么问，他在想。伊谷春：你去吧，卡拿着。辛小丰：不用了，用的时候，我会找你的。辛小丰离开，伊谷春想着什么。
103,110. 警长办 白天台湾人的车又在老地方等着辛小丰。伊谷春见到，怀疑辛小丰对他撒了谎，很生气。淡出。淡入。新一天，台湾人又来了。伊谷春换上便衣，走下了楼。
104,111. 车内 白天伊谷春躲在出租车里，见到台湾人的车启动，吩咐司机：跟上去，别跟丢了就行。司机：包在我身上。出租车启动。
105,112. 山路 白天出租车跟踪台湾人的车。
106,113. 酒庄 白天台湾人的车进入酒庄。出租车在后面停下。
107,114. 酒庄内 白天一个老板坐在沙发上。旁边的女人嗔怪道：叫你买巴萨你不买，没什么国米啊。老板：哎你不懂。女人：等一下输光光了怎么办？五十万可不是开玩笑的。伊谷春走进来，见卡座和大厅里都是赌球的。一名服务员追上来：先生，请问您找谁呀？伊谷春没搭理她，四下寻找着。服务员：先生，有什么我需要帮忙的吗？伊谷春低声：站着别动，警察。服务员愣了。伊谷春：刚才那两个人呢？服务员装蒜：哪两个人啊？伊谷春：这酒庄设计师。伊谷春盯着服务员看，服务员心虚了。《烈日灼心》中文剧本 剧本君--翻译剧本君的电影世界（微信号：jbjddysj） 32
108,115. 酒庄办公室 白天服务员把伊谷春领到门前：我们老板从来不让我们来这边儿的。伊谷春推门进入，拉开第二道门后，他看到了让辛小丰正和那个台湾人激吻，难以置信地关门离开。
109,116. 警长办 白天伊谷春抽着烟，饶是他，看着辛小丰也不知道如何开口。伊谷春想了半天，只憋出一个：操……辛小丰低着头。伊谷春：什么时候喜欢上这种事儿的？辛小丰：应该……应该中学那会儿。伊谷春：那你们三个？辛小丰点点头。伊谷春又不知道说什么了，调整了一下自己的情绪：其实只是你自己的事儿，是你自己的生活方式。我，我呢，我，我可以尊重你的这个，这个……取向！伊谷春自己显得有点失措，摸摸烟，摸摸水杯：心里别有什么负担啊。工作就是工作。俩人沉默了。伊谷春看到桌上的通缉令，拿过来给辛小丰递过去：这是公安部的 A 级通缉令，这俩人我看着有点眼熟。辛小丰：见过。双子大厦，两个台湾人。就是没带台胞证哪俩。伊谷春：好，留意点吧。辛小丰点点头。伊谷春：去吧。伊谷春看着辛小丰离开，心里在想着什么。
110,117. 鱼排屋 白天辛小丰和杨自道在鱼排上见面。（VO）电话等待的声音。师父（VO）：喂？伊谷春（VO）：师父，是我。水库那案子可能搞错了。根儿上就不对。回头跟你细说吧，就想告诉你一声，放弃了。对不起师父。师父（VO）：没事儿，这事儿经常的。伊谷春（VO）：我知道，那我挂了啊。辛小丰靠在鱼排上，回想着和台湾人的激情。杨自道：那姓伊的最近盯得还紧吗？辛小丰：还行吧。陈比觉看看他俩，回头让尾巴去拿筷子。
111,118. 伊家 晚上伊家一家人在吃饭，伊谷夏笑得前仰后合。伊谷夏：辛小丰，辛小丰……伊谷夏笑得说不出来话。伊母：说什么呢，吃饭吃饭。伊谷夏忽然正常，严肃地问：谁跟你说的？伊谷春：我跟你说的，我眼见为实算不算？伊谷夏不相信，想了想，放下碗筷，离桌而去。
112,119. 海边 白天杨自道开车载伊谷夏来到地方。杨自道：这啊？【闪回伊家吃饭，伊谷夏离开后，伊谷春心事重重地吃饭。结束】伊谷夏脱衣服：我们做爱吧，老头。杨自道阻止她：小夏。伊谷夏：放手。【闪回伊谷夏离开餐桌，在阳台上打电话。伊谷夏：喂，明天上午十点钟你来接我。结束】伊谷夏脱光了衣服引诱杨自道，杨自道回避着。伊谷夏：没见过女孩吗？【闪回伊谷夏在阳台打电话：我包车，你必须有空。结束】伊谷夏摸向杨自道的胯下，露出惊愕。伊谷夏：你不是，你不是 GAY。杨自道拒绝着。伊谷夏：我就想知道你为什么不敢爱。你一定有问题，我求你告诉我为什么，你告诉我。你告诉我为什么！【闪回伊谷夏打完电话回到房间，没搭理想要安慰她的伊谷春。结束】杨自道面对伊谷夏的质疑，他愤怒和无助。伊谷夏哭了：你能告诉我为什么吗？你让我死心行不行？杨自道下定决心：好。可是你听好了。你要逼我说，要我把这条命给你，你要吗？伊谷夏笑了：你拿来啊。杨自道解开衣服，露出胸前的老虎纹身，还有之前的那道伤疤。伊谷夏愣了：干嘛。杨自道：回去问你哥。（松开衣服）我给你了。伊谷夏看着杨自道离开的背影伤心和不解。
113,120. 伊家 晚上伊谷夏坐在沙发上状态不好。伊谷春走进来看到，走过来：小夏？……犯什么神经呢？伊谷夏哭着看向伊谷春。伊谷春：怎么了？伊谷夏看着哥哥。【闪回伊谷夏在伊谷春的房间翻资料。结束】伊谷夏：哥……【闪回伊谷夏看到了哥哥放在房间里的书包里的宿安水库凶手案的档案。结束】伊谷夏：他们是 GAY。伊谷夏哭，伊谷春安慰着她。但伊谷夏只能把秘密放在心里，偷偷用内疚的目光看着。
114,121. 伊谷春房间 晚上伊谷春摘下手表，脱掉外套后，他发现了地上散落的一张档案里的标签条。
115,122. 街道 凌晨伊谷夏背着行李拦住一辆出租车，离去。
116,123. 山路 白天出租车在山路行驶，和辛小丰的房东擦身而过。房东骑着车带着他的大公鸡：小发，不能死啊，你坚持住啊，小发。
117,124. 公寓外 白天家里没人，伊谷夏给杨自道打电话。伊谷夏：喂，自道。我在山下等你，直到你回来。伊谷夏无奈离开。伊谷春也来到了公寓门前。
118,125. 公寓一楼 白天伊谷春进入公寓，打量着里面的环境。看到了辛小丰的协警服。【闪回辛小丰和伊谷春抓捕出租车劫匪。辛小丰在建筑工地积水里差点丧命。辛小丰在阳台营救台湾人。辛小丰（VO）：你不就是那把风吹发断的快刀吗？结束】伊谷春打量着辛小丰的住处。伊谷春（VO）：以后不许跟我提辞职的事。伊谷春看到尾巴画的话。辛小丰（VO）：她是一弃婴，教堂门口捡的，她管我们都叫爸爸。伊谷春看到沙发上的睡垫还有床上没有叠好的被子。伊谷春（VO）：那你们三个？【闪回辛小丰在被发现是 GAY 之后，麻木的点头。结束】伊谷春思考着。伊谷夏（VO）：他们是 GAY。伊谷春拉开抽屉，看到里面一张照片，上面是他们三个和另外一个男人的合影，女孩的脸已经被划掉了。伊谷春（VO）：当天早些有人看见四个男人光着身子在水库里玩，关系暧昧。辛小丰（VO）：我们从小一块长大的。【闪回在医院，辛小丰和杨自道与伊谷春和妹妹相遇的情景。结束】伊谷春思考着，顺便打量着其他地方。他发现了头顶的吊扇，只是看了一眼，并未在意，只是在他离开的时候，他又折回来，在电扇上发现了房东安装的窃听器的电线。
119,126. 公寓二楼 白天伊谷春来到房东的房间，发现了窃听设备，他拧开开关，辛小丰和杨自道之前的对话传进了他的耳朵。伊谷春难以置信。这时候电话想了。伊谷春神深吸一口气：喂。辛小丰（VO）：我看到那两个杀手了。在双子大厦。伊谷春没说话。辛小丰（VO）：头儿！伊谷春：好，等我，马上来。（剧本君注：这里闪回了好多之前辛小丰和杨自道的对话，剧本君没写，是后期剪辑的时候配上去的，在原本里应该是不会写的。）
120,127. 酒店走廊 白天伊谷春和辛小丰还有几名同事在客服的引领下走向目标房间。伊谷春：估计多久了？辛小丰：二十多分钟。我看见他们的时候刚出大堂。来到房间，众人在门口做好战斗准备。伊谷春掏出配枪，示意客服上前角门。客服稳定了一下心神，敲敲门：你好，服务员。（又敲了几声）你好，服务员。房间内没人应。客服看向伊谷春，伊谷春向她试了一个眼色，客服掏出门卡将门打开。伊谷春迅速替换客服，倚在门上。
121,128. 酒店房间 白天伊谷春破门而入，众人迅速分散搜索，却一无所获。大家围到伊谷春身前，等候命令。伊谷春见屋内还有行李，心里有了大致的判断。伊谷春：估计马上就回来了。你们几个去守电梯和消防通道。大家向外走。伊谷春：何松留下来。辛小丰：我也留下来。伊谷春看向其他人，低声嘱咐：抓紧时间！剩余人出门。伊谷春：把图给我。辛小丰拿地图。伊谷春：通知刑警分队没有？何松：应该快到了。辛小丰摊开地图，三个人拿着看。伊谷春：A 座……话还没说完，外面就传来一声枪响，吓了他们一跳，接着“嘡！嘡！嘡”又是几声枪响。伊谷春知道出事了，带着辛小丰和何松冲向门外。
122,129. 酒店走廊 白天他们跑向电梯，只见几名警察躺在血泊，一名协警被下破了胆子，手不停地指着消防通道。辛小丰：老赵！但老赵趟在血泊里已经没了意识。伊谷春：叫救护车！叫增员！伊谷春推门冲进消防通道。辛小丰捡起老赵丢在地上的枪，和拿着消防斧的何松，也冲进了消防通道。
123,130. 消防通道 白天伊谷春持枪走在前面，辛小丰拿着枪和何松走在后面。三人贴着消防通道的墙壁警惕前行，在路过一处天窗时，遭到悍匪在外打来的暗枪。打碎了魄力，让三人不敢贸然前行。伊谷春：没事吧！辛小丰紧张地摇摇头。伊谷春：你呢？何松：没事。伊谷春这才看到辛小丰手里的枪，示意了一下，辛小丰子弹上膛。
124,131. 天台 白天伊谷春透过门缝观察外面，当先冲了出去，劫匪一颗子弹打在门上，让后面的辛小丰不敢贸然出来。伊谷春躲在天台的水罐后面观察。辛小丰鼓足勇气冲出天台，向前方胡乱地开枪，和伊谷春回合。辛小丰吓得不得了，紧张地看向伊谷春。伊谷春大骂：我操！何松吓得没勇气出来。伊谷春向水罐后把头，看到劫匪跑过去，他开了一枪，然后追过去。辛小丰不甘落后，紧随其后跟了过去。劫匪逃窜，在管道间消失。伊谷春和辛小丰躲在一处管道后，何松冲过来。三人警惕地看向四周。辛小丰向举着枪向前慢慢查看，结果劫匪在身后一枪。虽然没打中，但辛小丰掉了枪。何松想拉他回来，辛小丰却想把枪捡回来。伊谷春：回来！劫匪打枪，子弹在辛小丰身边炸开。伊谷春还击，何松把辛小丰拉回来，枪也没捡到。伊谷春带着辛小丰和何松在巨大的风扇箱搜索，发现了劫匪的身影，还没来得及开枪，就被劫匪从箱体下打伤了脚。伊谷春带伤搜索。三人找遍了天台没有发现。伊谷春踩着空调外挂机向天台外看去，看到两名劫匪在天台外凸出的匝道上逃跑。伊谷春：站住！伊谷春连开数枪，打掉了一个劫匪的配枪，但自己也没子弹了。伊谷春：他们想跑到对面楼去。两头堵！
125,132. 双子大厦匝道 白天伊谷春伤口流血，从梯子下到匝道上。伊谷春：何松，堵那头！自己和辛小丰迎着劫匪来的方向跑去，何松向另一头绕去。伊谷春和辛小丰，在双子大厦连接的一条一米宽的天桥前相遇。伊谷春冲在前面：放下枪！两名劫匪也冲过来要上桥，前面的对着伊谷春就是一枪。伊谷春和辛小丰趴卧倒在地。前面那名劫匪趁机跑上天桥，向对面跑。伊谷春立即举起枪震慑住了后面的第二名劫匪。伊谷春：别动！靠后！站着别动！伊谷春上天桥，追另一名劫匪，突然劫匪回头开枪，伊谷春一躲滑下天桥，幸亏被后面紧随的辛小丰死死拉住，但人已悬在半空，下面足有几百米。劫匪一看没子弹了，迅速跑到对面。被震慑的另一名劫匪蠢蠢欲动，开始走向天桥，向拉着伊谷春的辛小丰走来。伊谷春：小丰！这时何松从另一边绕过来，指着大叫：别动！那名劫匪继续前行。何松跑过来：小丰，抓住！劫匪踩着辛小丰的身体通过了天桥，辛小丰抓着伊谷春一点办法也没有。何松：头儿，撑住撑住！辛小丰快抓不住了，何松赶过来把手里的消防斧递过去。俩人想要把伊谷春拉上来，但发现两名劫匪去而复返，想走原来的路逃生。伊谷春：何松，快去！何松没动。伊谷春主动松开斧子：快去！辛小丰拼命拉着伊谷春。何松迎上二匪，挥动斧子的时候不慎跌落百米高的楼下。这一幕让辛小丰和伊谷春又惊又悲。二匪前行还要踩着辛小丰过去。伊谷春：小丰，放手。辛小丰：让他们过去。伊谷春：他们过来了！小丰，放手！伊谷春晃动身体，想甩开辛小丰的手。辛小丰拼命拉着：求你啦！伊谷春看到二匪靠近，辛小丰还没有放手的意思，忽然说道：你们三个去自首吧。辛小丰愣了。伊谷春：放手。辛小丰呆呆地看着他。伊谷春：放手。二匪接近，辛小丰却忽然大喊起来。辛小丰：干你母！查个证动刀动枪干什么！（对劫匪）快他妈过来帮我！干！二匪都愣了。这时候两侧天台涌出无数特警，用枪指向劫匪，警斥他们。（剧本君注：这一场戏，最关键的一句台词就是伊谷春的“你们三个去自首吧”。这句话是伊谷春用软刀子逼辛小丰放手，让辛小丰抱着杀人灭口的心态放手。也是编剧在升华辛小丰这个人物的核心台词。）
126,133. 天台 白天暖色的阳光。辛小丰和伊谷春劫后余生地躺在天台上。警察在现场取证。伊谷春给辛小丰点了一根烟递过去，自己也咗了一根。伊谷春想了想：楼上是房东吧？辛小丰：嗯。伊谷春：他在楼下安了窃听。辛小丰意外地看向他。伊谷春：你们说的每句话都被他记在了小本儿上，就摊在桌子上。沉默。辛小丰举着烟心里明白伊谷春都知道了。伊谷春不敢相信地：你，你们三个人，怎么会呢？辛小丰：我也想过。所以没有什么好人和坏人。（OS）：哎，是这地方吧。（OS）：没错，从这上来的，快。伊谷春看过去，他的师父带着宿安的便衣翻了上来，走到他们二人面前，不由分说地把辛小丰抓了起来。伊谷春：等等。伊谷春站起来，看向辛小丰：给他们打个电话。
127,134. 车内 白天杨自道开着车。电话响。杨自道：小丰。
128,135. 天台/车内 白天辛小丰拿着电话：那，那鞋掉下来了，阿道。杨自道愣了愣，但情绪没太变化。杨自道：那个姓伊的在边上吗？辛小丰把电话给伊谷春。伊谷春：喂。杨自道：给我二十分钟可以吗？伊谷春：我给你三十分钟。杨自道：谢谢。伊谷春把电话还给辛小丰。杨自道加速开车。辛小丰带上手铐，被带走。伊谷春：等一下。我想跟他说几句话。伊谷春的师父带头回避，其余人也走向远处。伊谷春沉默了片刻：对不起，小丰。辛小丰轻微地摇摇头。伊谷春：我必须这么做。辛小丰：没什么对不起的。对和错每个人心里都有。伊谷春：我会让小夏把尾巴接过来。辛小丰惊愕地看向伊谷春。伊谷春：后面的手术，我会安排。你恨我吗？辛小丰想了很久，似乎得到了解脱：太煎熬了。其实我们，我们都在，在等这一天。也许你不能理解。辛小丰哭着看向伊谷春：你会，收养尾巴吗？伊谷春没说话，似乎在思考。辛小丰：假如，假如你愿意的话，求你求你帮个忙，你不要再跟尾巴提起我们，让她尽快把我们忘掉吧，越早越好。求你了。看着辛小丰乞求的眼神，伊谷春背过身，旁边的两名警察押走了辛小丰。伊谷春强忍泪水，对等待抓捕剩余的人：走吧，我带你们去。
129,136. 河边 白天警笛长鸣。警车从四面八方驶来，一辆出租车停在前面。伊谷夏哭着看向杨自道，杨自道交代着后事。杨自道拿出存折：这上面有给尾巴做手术的钱，还差一点，（要硬塞给伊谷夏）将来你一定要给她找一个好点的孤儿院。答应我！伊谷夏哭着摇头。杨自道：有时间的话一定要多去看她。伊谷夏泣不成声：不去孤儿院，不去孤儿院，我答应你，我绝不把她放到孤儿院。杨自道抱住伊谷夏告别，然后头也不回地走向警车。伊谷夏在后面追，强拉硬扯，最后被哥哥伊谷春拦下，只能看着杨自道自首的背影嘶鸣。
130,137. 警长办 白天台湾人看着伊谷春：花多少钱我都可以的啦。伊谷春：不是钱的问题。台湾人失落。台湾人：我真的很爱他，我知道他不是，可他为了我……伊谷春：什么不是啊？台湾人：gay 啊。伊谷春愣了。台湾人：那天我那样跟他讲……【闪回辛小丰在 28 楼救台湾人。台湾人：你同情我敢跟我约会吗？ 结束】台湾人：是为了嘲笑他一下。【闪回台湾人：敢吗？辛小丰：我答应你。 结束】台湾人：但我没想到后来他真的会跟我约会。我发誓，一点点都没有，更别说那个。伊谷春慎重起来。台湾人：这个事情我到现在还想不明白。他明明不是，为什么会愿意。而且还是第一次。伊谷春判断着。
131,138. 探监 白天辛小丰被押进来，等候的伊谷春点了一根烟给他。两人对望着，一个警服一个囚服。伊谷春：可惜了。你确实是块做警察的料。辛小丰笑笑。伊谷春：你是中学开始那个的吗？辛小丰看向他。伊谷春肯定道：不是！你从来就没有是过。能告诉我台湾人每次接你，车干嘛非要停在那儿。辛小丰没回答，只是愣愣地看着他。伊谷春：因为那是我办公室最容易看清楚的地方。为了把我往沟里带，你宁愿豁出去做 GAY，装怎么也没事更没破绽，对吧。辛小丰默认了。伊谷春：其实，你已经成功了。这么缜密的心思和勇气，这他妈的可惜！辛小丰使劲嘬了几口烟：其实也没什么别的意思头儿，只是想挨到尾巴手术之后，我们走的安心些。心思和勇气，算是吧。但为我自己不会，永远不会。伊谷春拿烟想抽，但眼圈红了：估计没机会见面了，有什么要说的吗？辛小丰摇摇头：我们，我们应该算是好爸爸吧？尾巴原来总是追着我们问，你们是好爸爸吗，你们是好爸爸吗。我们总是回避，（哽咽）我们现在应该可以说，我们是好爸爸。伊谷夏想张口说话。辛小丰：别问，头儿。有些事烂肚子里，或许更有意义。伊谷春：操……
132,139. 山路 凌晨警车在山路行驶。
133,140. 监狱 白天辛小丰和杨自道被带进刑罚室，绑在躺椅上，旁边的人为他们安乐死做着准备。二楼单面窗的背后，伊谷春和伊谷夏看着他们。执行警：报告，准备工作完毕，请下达执行命令。监察：执行。执行警将安乐死的药注射进辛小丰和杨自道的经脉里。二人在解脱中死去。伊谷夏和伊谷春都哭了。淡出。
134,141. 警长办 白天伊谷春盯着窗外，但已经没有台湾人的车了，他提醒自己辛小丰已经死了。电话响。伊谷春：师父。
135,142. 办公室 白天伊谷春看着师父。师父一脸懊悔，没说话，离开了办公室。伊谷春有点不明所以，问旁边的人：怎么回事儿啊？警察：上溪地和北浦那两个案子嫌犯已经抓到了，另外几起案子呢，也跟他牵连，都是大案。估计这小子也知道是什么结果，就干脆全撂了。宿安水库那案子据他说也是他干的。除了心脏病死的那女孩。伊谷春震惊。电扇旋转。伊谷春看着视频里的嫌犯审讯录像。嫌犯侃侃而谈：赔钱那边就找到我，就说我把钱要回来就给我两成，我就答应了。然后呢，我就到了宿安，给阿道打电话，说我在这。那个阿道听到以后呢，就过来找我，没想到还带了辛小丰和陈比觉，他们两个也是来找他玩的。后来我们就到了别墅……伊谷春下意识地郑重起来。嫌犯：我就顺着房子找嘛，找了好长时间没找着，刚上楼就看见一个光溜溜的女人趟在地上，辛小丰把这个女孩日死掉了，真是真是日死掉了。伊谷春听到这眼睛都红了。嫌犯：这个老头老娘就乱喊乱叫，没办法，就把他们整死掉了。录像里的警察询问：谁弄得。嫌犯：我。录像里的警察继续询问：之后呢？嫌犯：之后呢……我们还是想走，走不掉，正好看到墙上有那个木方方，我就用那个干了嘛。录像里的警察询问：都谁动的手？嫌犯：也是我。伊谷春见嫌犯认罪，下意识地抖动了一下，想发泄，但忍住了。嫌犯：其实他们都不行。他们不敢下手。后来我们到了那个水库边，我就说，我现在不管谁帮了谁这个东西，但是以后你们必须听我的，我让你们干什么必须干什么，要不然我就这个忙我就白帮了，要不听话嘛，就别怪我手狠了啊。就当是被吓成那怂泡样了嘛，对我下手，我觉得，觉得这个狗日的手一点都不软啊。他们肯定觉得老子被他们整死了。警察询问：你后来没找他们？嫌犯笑了：不找。后来我也想明白了，你说不是嘛，杀了一大家子人，是吧，肯定是个大事。死了好，这个死了如果这个事发了，肯定没人找我。你说是不是？伊谷春神色复杂。
136,143. 办公室 白天窗外大雨电闪雷鸣。伊谷春和师父俩人沉默着。师父：他两应该是商量过的，所以一审口供完全一致，都承认是他们干的。但有一点到现在我都不明白，他们为什么非要去寻死呢？伊谷春想到师父曾经说过的传言，猛然觉悟：弃婴。师父：什么？伊谷春：除非有种可能，尾巴不是弃婴。师父：谁？谁是尾巴？伊谷春：您走访不是听说过，那个女孩生过一个孩子吗？这孩子有可能就在别墅里。……有可能啊，他们看见了，但嫌犯没有。孤零零的别墅，不定哪天才被人发现，丢下孩子，孩子肯定会死掉。因此他们回去抱回了孩子，【插入开头辛小丰嚷着要回去】一直抚养在身边。师父：然后呢？
137,144. 医院 白天伊谷春和伊谷夏带尾巴检查骨骼。伊谷春（VO）：孩子在长大，他们心里清楚，这种事情不可能永远瞒得住。万一有一天让孩子知道真相，决定是灭顶之灾。抚养自己那么爱自己，却是使自己全家惨遭杀害的人，谁知道了不疯啊。而且只要他们活着，这种可能就永远存在。唯有死，才能让孩子轻松的活。
138,145. 办公室 白天师父：会吗？杀人犯啊。伊谷春意味深长地：你不知道，师父。
139,146. 医院 白天伊谷春看着阳台上和伊谷夏玩的尾巴，不敢上前。伊谷夏看过来，期待的眼神。
140,147. 办公室 白天伊谷春：如果是，尾巴应该是七岁。不是五岁。
141,148. 医院 白天伊谷春默认地点点头。骨骼检查结果显示尾巴的年龄在 7.5 岁。得到结果的伊谷夏痛哭。
142,149. 渡口 白天车在堤坝上行驶。伊谷夏（OS）：就算改判，对老陈还不都一样。伊谷春（OS）：或许哪一天正常了呢。尾巴至少还有老陈能看。伊谷夏（OS）：那得多走运啊。渔民把鱼抬上渡口，伊家兄妹在旁边询问。妇人：他不见了。我们已经找了好几天了。该问的也都问了，我们家已经通知监狱了，他们现在正在找呢。伊谷春：什么时候不见的？妇人：大概，大概半个月吧，大概是。伊家兄妹无功而返。伊谷夏：也许他不傻。伊谷春愣了。伊谷夏：也许，他活在某个地方。伊谷春笑了，然后上车。
143,150. 崖边 白天主观镜头前行。陈比觉（OS）：我的智商是 163，要是哪天事发我想我能逃，真真切切的我逃了，但是，活着见不到尾巴真是不行。这才短短几个月，我根本做不到。我不可能不见她，我根本做不到。走到悬边。陈比觉（OS）：阿道你个傻逼，还有小丰，你们这两张臭嘴！算你们先知！看来这智商 163 跟他妈 80 的，有时候也差不了多少。算了，我也来了，留个她一个轻松愉快的将来吧。跳崖。
